Title,Price,Availability,Rating
The Most Perfect Thing: Inside (and Outside) a Bird's Egg,Â£42.96,In stock,Four
Immunity: How Elie Metchnikoff Changed the Course of Modern Medicine,Â£57.36,In stock,Five
Sorting the Beef from the Bull: The Science of Food Fraud Forensics,Â£44.74,In stock,Four
Tipping Point for Planet Earth: How Close Are We to the Edge?,Â£37.55,In stock,One
"The Fabric of the Cosmos: Space, Time, and the Texture of Reality",Â£55.91,In stock,One
Diary of a Citizen Scientist: Chasing Tiger Beetles and Other New Ways of Engaging the World,Â£28.41,In stock,One
The Origin of Species,Â£10.01,In stock,Four
The Grand Design,Â£13.76,In stock,Three
Peak: Secrets from the New Science of Expertise,Â£16.28,In stock,Two
"The Elegant Universe: Superstrings, Hidden Dimensions, and the Quest for the Ultimate Theory",Â£13.03,In stock,Four
"The Disappearing Spoon: And Other True Tales of Madness, Love, and the History of the World from the Periodic Table of the Elements",Â£57.35,In stock,Five
"Surely You're Joking, Mr. Feynman!: Adventures of a Curious Character",Â£25.83,In stock,Two
Seven Brief Lessons on Physics,Â£30.60,In stock,Four
The Selfish Gene,Â£29.45,In stock,One
